instance,status,our_objective,our_time_s,ref_tag,ref_objective,verdict
30n20b8,time-limit,0,60.62,=opt=,302.0,no-answer
50v-10,feasible,4644.909987,60.00,=opt=,3311.1799841,MISMATCH
CMS750_4,Timeout,nan,150.00,=opt=,252.0,no-answer
academictimetablesmall,time-limit,0,60.00,=opt=,0.0,no-answer
air05,feasible,26769,60.10,=opt=,26374.0,MISMATCH
app1-1,time-limit,0,60.42,=opt=,-3.0,no-answer
app1-2,time-limit,0,60.01,=opt=,-41.0,no-answer
assign1-5-8,feasible,213,60.00,=opt=,211.999999999998,near
atlanta-ip,time-limit,0,60.00,=opt=,90.009878614,no-answer
b1c1s1,feasible,76005.33254,92.85,=opt=,24544.25,MISMATCH
bab2,time-limit,0,60.01,=opt=,-357544.3115,no-answer
bab6,time-limit,0,60.01,=opt=,-284248.2307000001,no-answer
beasleyC3,feasible,876,60.02,=opt=,753.9999999999128,MISMATCH
binkar10_1,time-limit,0,60.03,=opt=,6741.38002393972,no-answer
blp-ar98,time-limit,0,60.03,=opt=,6205.2147104,no-answer
blp-ic98,time-limit,0,60.01,=opt=,4491.44758395,no-answer
bnatt400,time-limit,0,60.03,=opt=,1.0,no-answer
bnatt500,time-limit,0,60.21,=inf=,None,no-answer
bppc4-08,time-limit,0,65.09,=opt=,53.0,no-answer
brazil3,time-limit,0,60.00,=opt=,24.0,no-answer
buildingenergy,time-limit,0,60.03,=opt=,33283.853236,no-answer
cbs-cta,time-limit,0,67.96,=opt=,0.0,no-answer
chromaticindex1024-7,time-limit,0,60.01,=opt=,4.0,no-answer
chromaticindex512-7,time-limit,0,60.00,=opt=,4.0,no-answer
cmflsp50-24-8-8,time-limit,0,60.00,=opt=,55789389.886,no-answer
co-100,time-limit,0,60.01,=opt=,2639942.06,no-answer
cod105,time-limit,0,60.00,=opt=,-12.0,no-answer
comp07-2idx,time-limit,0,65.23,=opt=,6.0,no-answer
comp21-2idx,time-limit,0,60.00,=opt=,74.0,no-answer
cost266-UUE,feasible,28436896.06,60.25,=opt=,25148940.55999998,MISMATCH
cryptanalysiskb128n5obj14,time-limit,0,60.01,=inf=,None,no-answer
cryptanalysiskb128n5obj16,time-limit,0,60.01,=opt=,0.0,no-answer
csched007,time-limit,0,60.01,=opt=,350.9999999999955,no-answer
csched008,time-limit,0,90.52,=opt=,173.0,no-answer
cvs16r128-89,time-limit,0,60.00,=opt=,-97.0,no-answer
dano3_3,time-limit,0,60.04,=opt=,576.34463303,no-answer
dano3_5,time-limit,0,60.00,=opt=,576.9249159565619,no-answer
decomp2,feasible,-153,63.21,=opt=,-160.0,MISMATCH
drayage-100-23,time-limit,0,60.00,=opt=,103333.87407,no-answer
drayage-25-23,time-limit,0,60.00,=opt=,101282.647018,no-answer
dws008-01,time-limit,0,80.04,=opt=,37412.60458794508,no-answer
eil33-2,feasible,934.007916,60.00,=opt=,934.007915999999,matched
eilA101-2,time-limit,0,61.42,=opt=,880.9201079999999,no-answer
enlight_hard,time-limit,0,60.00,=opt=,37.0,no-answer
ex10,time-limit,0,60.34,=opt=,100.0,no-answer
ex9,time-limit,0,60.36,=opt=,81.0,no-answer
exp-1-500-5-5,feasible,116395,60.00,=opt=,65887.0,MISMATCH
fast0507,feasible,568,69.48,=opt=,174.0,MISMATCH
fastxgemm-n2r6s0t2,time-limit,0,137.08,=opt=,230.0,no-answer
fhnw-binpack4-4,time-limit,0,60.01,=inf=,None,no-answer
fhnw-binpack4-48,time-limit,0,60.48,=opt=,0.0,no-answer
fiball,time-limit,0,60.00,=opt=,138.0,no-answer
gen-ip002,feasible,-4750.756078,60.00,=opt=,-4783.733392,near
gen-ip054,feasible,6919.013517,52.97,=opt=,6840.96564179,MISMATCH
germanrr,error,0,18.27,=opt=,47095869.649,no-answer
gfd-schedulen180f7d50m30k18,time-limit,0,60.03,=opt=,1.0,no-answer
glass-sc,feasible,25,60.17,=opt=,23.0,MISMATCH
glass4,feasible,2850030550,60.00,=opt=,1200012599.972384,MISMATCH
gmu-35-40,time-limit,0,60.00,=opt=,-2406733.3688,no-answer
gmu-35-50,feasible,-2564103.603,60.00,=opt=,-2607958.33,MISMATCH
graph20-20-1rand,time-limit,0,135.96,=opt=,-9.0,no-answer
graphdraw-domain,time-limit,0,60.01,=opt=,19685.99997550038,no-answer
h80x6320d,time-limit,0,60.14,=opt=,6382.099048245999,no-answer
highschool1-aigio,time-limit,0,60.01,=opt=,0.0,no-answer
hypothyroid-k1,time-limit,0,86.65,=opt=,-2851.0,no-answer
ic97_potential,time-limit,0,60.02,=opt=,3941.99993090225,no-answer
icir97_tension,time-limit,0,60.00,=opt=,6375.0,no-answer
irish-electricity,time-limit,0,60.01,=opt=,3723497.591396,no-answer
irp,feasible,12161.52042,60.01,=opt=,12159.49283539698,near
istanbul-no-cutoff,time-limit,0,114.70,=opt=,204.08170701,no-answer
k1mushroom,time-limit,0,62.55,=opt=,-3288.0,no-answer
lectsched-5-obj,time-limit,0,60.00,=opt=,24.0,no-answer
leo1,time-limit,0,60.00,=opt=,404227536.16,no-answer
leo2,time-limit,0,60.00,=opt=,404077441.12,no-answer
lotsize,error,0,36.38,=opt=,1480195.0,no-answer
mad,feasible,0.7316,60.00,=opt=,0.0268,MISMATCH
map10,time-limit,0,60.02,=opt=,-495.0,no-answer
map16715-04,time-limit,0,60.02,=opt=,-111.0,no-answer
markshare2,feasible,61,60.51,=opt=,1.0,MISMATCH
markshare_4_0,feasible,4,19.72,=opt=,1.0,MISMATCH
mas74,feasible,18732.93029,60.00,=opt=,11801.18572,MISMATCH
mas76,feasible,40115.93379,60.00,=opt=,40005.05398999999,near
mc11,feasible,12724,60.01,=opt=,11688.99999999966,MISMATCH
mcsched,feasible,221748,60.02,=opt=,211913.0,MISMATCH
mik-250-20-75-4,feasible,-52033,60.00,=opt=,-52301.0,near
milo-v12-6-r2-40-1,time-limit,0,62.73,=opt=,326481.14282799,no-answer
momentum1,time-limit,0,60.36,=opt=,109143.4935,no-answer
mushroom-best,time-limit,0,60.00,=opt=,0.0553337612,no-answer
mzzv11,time-limit,0,60.00,=opt=,-21718.0,no-answer
mzzv42z,time-limit,0,60.14,=opt=,-20540.0,no-answer
n2seq36q,time-limit,0,61.61,=opt=,52200.0,no-answer
n3div36,feasible,538800,120.50,=opt=,130800.0,MISMATCH
n5-3,feasible,9500,60.01,=opt=,8104.999999993999,MISMATCH
neos-1122047,time-limit,0,60.00,=opt=,161.0,no-answer
neos-1171448,time-limit,0,60.00,=opt=,-309.0,no-answer
neos-1171737,time-limit,0,60.00,=opt=,-195.0,no-answer
neos-1354092,time-limit,0,60.02,=opt=,46.0,no-answer
neos-1445765,time-limit,0,60.03,=opt=,-17783.0,no-answer
neos-1456979,time-limit,0,123.80,=opt=,176.0,no-answer
neos-1582420,time-limit,0,60.08,=opt=,90.99999999999996,no-answer
neos-2075418-temuka,time-limit,0,60.05,=inf=,None,no-answer
neos-2657525-crna,time-limit,0,68.38,=opt=,1.810748,no-answer
neos-2746589-doon,time-limit,0,60.00,=opt=,2008.199999999999,no-answer
neos-2978193-inde,feasible,-2.388061686,60.02,=opt=,-2.38806169,matched
neos-2987310-joes,time-limit,0,60.00,=opt=,-607702988.3,no-answer
neos-3004026-krka,time-limit,0,65.77,=opt=,0.0,no-answer
neos-3024952-loue,feasible,50658,60.00,=opt=,26756.0,MISMATCH
neos-3046615-murg,feasible,3029,60.00,=opt=,1600.0,MISMATCH
neos-3083819-nubu,Timeout,nan,150.00,=opt=,6307996.0,no-answer
neos-3216931-puriri,time-limit,0,60.02,=opt=,71320.0,no-answer
neos-3381206-awhea,time-limit,0,60.03,=opt=,453.0,no-answer
neos-3402294-bobin,time-limit,0,117.56,=opt=,0.06724999999999949,no-answer
neos-3402454-bohle,time-limit,0,60.31,=inf=,None,no-answer
neos-3555904-turama,time-limit,0,60.01,=opt=,-34.7,no-answer
neos-3627168-kasai,time-limit,0,60.00,=opt=,988585.6199999998,no-answer
neos-3656078-kumeu,time-limit,0,74.94,=opt=,-13172.2,no-answer
neos-3754480-nidda,feasible,13834.88553,60.00,=opt=,12939.7540104743,MISMATCH
neos-3988577-wolgan,time-limit,0,60.00,=inf=,None,no-answer
neos-4300652-rahue,time-limit,0,60.01,=opt=,2.1416,no-answer
neos-4338804-snowy,feasible,3133,60.03,=opt=,1471.0,MISMATCH
neos-4387871-tavua,time-limit,0,60.17,=opt=,33.384729927,no-answer
neos-4413714-turia,time-limit,0,60.00,=opt=,45.3701670199998,no-answer
neos-4532248-waihi,time-limit,0,60.01,=opt=,61.59999999999999,no-answer
neos-4647030-tutaki,time-limit,0,60.01,=opt=,27265.70599999996,no-answer
neos-4722843-widden,time-limit,0,60.01,=opt=,25009.662227,no-answer
neos-4738912-atrato,time-limit,0,62.09,=opt=,283627956.595,no-answer
neos-4763324-toguru,time-limit,0,60.00,=opt=,1613.03884585,no-answer
neos-4954672-berkel,feasible,4281921,60.00,=opt=,2612710.0,MISMATCH
neos-5049753-cuanza,time-limit,0,60.02,=opt=,561.9999971689,no-answer
neos-5052403-cygnet,time-limit,0,60.02,=opt=,182.0,no-answer
neos-5093327-huahum,time-limit,0,60.21,=opt=,6259.999997125895,no-answer
neos-5104907-jarama,time-limit,0,60.06,=opt=,935.0,no-answer
neos-5107597-kakapo,time-limit,0,95.11,=opt=,3644.99999999952,no-answer
neos-5114902-kasavu,time-limit,0,60.07,=opt=,655.0,no-answer
neos-5188808-nattai,time-limit,0,60.00,=opt=,0.110283622999984,no-answer
neos-5195221-niemur,time-limit,0,60.01,=opt=,0.0038354326,no-answer
neos-631710,time-limit,0,60.01,=opt=,203.0,no-answer
neos-662469,time-limit,0,60.00,=opt=,184379.9999999999,no-answer
neos-787933,feasible,178,60.73,=opt=,30.0,MISMATCH
neos-827175,time-limit,0,60.03,=opt=,112.00152,no-answer
neos-848589,feasible,10672228.1,61.58,=opt=,2351.40309999697,MISMATCH
neos-860300,time-limit,0,66.16,=opt=,3200.999999999998,no-answer
neos-873061,time-limit,0,60.01,=opt=,113.6562385063,no-answer
neos-911970,feasible,79.66,60.00,=opt=,54.76,MISMATCH
neos-933966,time-limit,0,60.00,=opt=,318.0,no-answer
neos-950242,time-limit,0,60.00,=opt=,4.0,no-answer
neos-957323,time-limit,0,76.60,=opt=,-237.7566815,no-answer
neos-960392,Timeout,nan,150.00,=opt=,-238.0,no-answer
neos17,feasible,0.2214067832,60.00,=opt=,0.1500025774,MISMATCH
neos5,feasible,15,60.00,=opt=,15.0,matched
neos8,feasible,11,68.38,=opt=,-3719.0,MISMATCH
neos859080,infeasible,0,2.31,=inf=,None,inf-proven
net12,time-limit,0,60.01,=opt=,214.0,no-answer
netdiversion,time-limit,0,60.01,=opt=,242.0,no-answer
nexp-150-20-8-5,feasible,776,64.95,=opt=,231.0,MISMATCH
ns1116954,time-limit,0,60.01,=opt=,0.0,no-answer
ns1208400,Timeout,nan,150.00,=opt=,2.0,no-answer
ns1644855,time-limit,0,60.03,=opt=,-1524.33333333333,no-answer
ns1760995,time-limit,0,60.03,=opt=,-549.21438505,no-answer
ns1830653,Timeout,nan,150.00,=opt=,20622.0,no-answer
ns1952667,time-limit,0,60.74,=opt=,0.0,no-answer
nu25-pr12,feasible,54190,60.36,=opt=,53904.99999999999,near
nursesched-medium-hint03,time-limit,0,60.00,=opt=,115.0,no-answer
nursesched-sprint02,time-limit,0,77.78,=opt=,57.99999999999999,no-answer
nw04,feasible,16908,60.09,=opt=,16862.0,near
opm2-z10-s4,time-limit,0,60.02,=opt=,-33269.0,no-answer
p200x1188c,feasible,15531,60.00,=opt=,15078.0,MISMATCH
peg-solitaire-a3,time-limit,0,75.69,=opt=,1.0,no-answer
pg,feasible,-8247.137335,60.00,=opt=,-8674.34260712,MISMATCH
pg5_34,feasible,-14078.85198,60.00,=opt=,-14339.35345,MISMATCH
physiciansched3-3,time-limit,0,60.01,=opt=,2623271.326667,no-answer
physiciansched6-2,time-limit,0,60.01,=opt=,49324.0,no-answer
piperout-08,time-limit,0,65.12,=opt=,125054.9999999999,no-answer
piperout-27,error,0,34.21,=opt=,8123.999999999973,no-answer
pk1,feasible,15,60.00,=opt=,11.0,MISMATCH
proteindesign121hz512p9,time-limit,0,68.17,=opt=,1473.0,no-answer
proteindesign122trx11p8,error,0,11.25,=opt=,1747.0,no-answer
qap10,time-limit,0,60.02,=opt=,339.9999999983871,no-answer
radiationm18-12-05,time-limit,0,60.01,=opt=,17566.0,no-answer
radiationm40-10-02,time-limit,0,60.01,=opt=,155328.0,no-answer
rail01,time-limit,0,60.01,=opt=,-70.5699643,no-answer
rail02,time-limit,0,60.01,=opt=,-200.4499077,no-answer
rail507,feasible,577,65.82,=opt=,174.0,MISMATCH
ran14x18-disj-8,feasible,4470,60.01,=opt=,3712.0,MISMATCH
rd-rplusc-21,infeasible,0,27.41,=opt=,165395.275295,no-answer
reblock115,time-limit,0,60.50,=opt=,-36800603.2332,no-answer
rmatr100-p10,time-limit,0,60.00,=opt=,423.0,no-answer
rmatr200-p5,time-limit,0,60.01,=opt=,4521.0,no-answer
rocI-4-11,time-limit,0,60.00,=opt=,-6020203.0,no-answer
rocII-5-11,time-limit,0,80.77,=opt=,-6.675504731538,no-answer
rococoB10-011000,time-limit,0,113.60,=opt=,19449.0,no-answer
rococoC10-001000,time-limit,0,66.37,=opt=,11460.0,no-answer
roi2alpha3n4,time-limit,0,60.00,=opt=,-63.20849503,no-answer
roi5alpha10n8,time-limit,0,60.02,=opt=,-52.322274351,no-answer
roll3000,time-limit,0,60.23,=opt=,12889.999992,no-answer
s100,time-limit,0,60.01,=opt=,-0.1697235270583,no-answer
s250r10,time-limit,0,60.01,=opt=,-0.1717804834232,no-answer
satellites2-40,time-limit,0,60.10,=opt=,-19.0,no-answer
satellites2-60-fs,time-limit,0,60.00,=opt=,-19.0000000001,no-answer
savsched1,time-limit,0,60.02,=opt=,3217.7,no-answer
sct2,time-limit,0,68.21,=opt=,-230.9891623,no-answer
seymour,feasible,813,60.43,=opt=,423.0,MISMATCH
seymour1,feasible,499.2507293,60.30,=opt=,410.76370139,MISMATCH
sing326,time-limit,0,60.01,=opt=,7753674.85376,no-answer
sing44,time-limit,0,60.00,=opt=,8128831.1772,no-answer
snp-02-004-104,time-limit,0,60.01,=opt=,586803238.6567289,no-answer
sorrell3,time-limit,0,60.10,=opt=,-16.0,no-answer
sp150x300d,feasible,70,60.01,=opt=,69.0,MISMATCH
sp97ar,time-limit,0,79.89,=opt=,660705645.759,no-answer
sp98ar,time-limit,0,60.00,=opt=,529740623.2,no-answer
splice1k1,time-limit,0,60.55,=opt=,-394.0,no-answer
square41,time-limit,0,60.11,=opt=,15.0,no-answer
square47,time-limit,0,60.08,=opt=,15.9999999997877,no-answer
supportcase10,time-limit,0,60.02,=opt=,7.0,no-answer
supportcase12,time-limit,0,60.03,=opt=,-7559.533053817,no-answer
supportcase18,time-limit,0,84.10,=opt=,48.0,no-answer
supportcase19,time-limit,0,60.04,=opt=,12677205.99992052,no-answer
supportcase22,time-limit,0,60.03,=best=,110.0,no-answer
supportcase26,feasible,2165.677522,60.00,=opt=,1745.123813,MISMATCH
supportcase33,time-limit,0,60.24,=opt=,-345.0,no-answer
supportcase40,time-limit,0,60.00,=opt=,24256.3122898,no-answer
supportcase42,time-limit,0,60.09,=opt=,7.75863072227,no-answer
supportcase6,feasible,51981.50465,62.18,=opt=,51906.47737,near
supportcase7,time-limit,0,60.01,=opt=,-1132.223177,no-answer
swath1,feasible,382.3078038,60.00,=opt=,379.07129575,near
swath3,feasible,400.2201969,60.04,=opt=,397.76134365,near
tbfp-network,time-limit,0,109.29,=opt=,24.16319444,no-answer
thor50dday,time-limit,0,60.01,=opt=,40417.0,no-answer
timtab1,time-limit,0,60.01,=opt=,764771.99999978,no-answer
tr12-30,time-limit,0,60.00,=opt=,130595.9999999999,no-answer
traininstance2,time-limit,0,71.38,=opt=,71820.0,no-answer
traininstance6,time-limit,0,60.20,=opt=,28290.0,no-answer
trento1,time-limit,0,60.00,=opt=,5189487.0,no-answer
triptim1,time-limit,0,60.08,=opt=,22.8680999999999,no-answer
uccase12,time-limit,0,60.01,=opt=,11507.4050616,no-answer
uccase9,time-limit,0,60.03,=opt=,10993.131409,no-answer
uct-subprob,time-limit,0,60.00,=opt=,314.0,no-answer
unitcal_7,time-limit,0,60.04,=opt=,19635558.244,no-answer
var-smallemery-m6j6,time-limit,0,60.10,=opt=,-149.37501,no-answer
wachplan,time-limit,0,133.04,=opt=,-8.0,no-answer
